Email,userId,preferred_username,picture,firstname,lastname,mobile,nic,district,nearest_branch,Score
jsj9009900@gmail.com,a90a15cc-3041-7091-f78b-a3a5dea02610,rajakaruna,https://d1ol2dqh8qzr8y.cloudfront.net/profiles/default/kitty.png,Sankalpa,Rajakaruna,+94777419058,951662992v,ANURADHAPURA,Kekirawa,35458
nimtharu357@gmail.com,google_110765632887244152932,Tharu Nim,https://d1ol2dqh8qzr8y.cloudfront.net/profiles/default/lion.png,Tharushi,Nimasha,+94763079278,985573190v,GALLE,Ambalangoda,21186
deepikaumesha453@gmail.com,google_111043814100055472224,Deepika Umesha,https://d1ol2dqh8qzr8y.cloudfront.net/profiles/default/kitty.png,Hiruni,Umesha,+94741242878,200378011982,GALLE,Ambalangoda,18879
nandana.nk22@gmail.com,google_110023329917388972028,nandana kumara,https://d1ol2dqh8qzr8y.cloudfront.net/profiles/default/koala.png,NANDANA,KUMARA,+94770770214,802120613V,KURUNAGALA,Kurunagala,18576
abemadusika@gmail.com,google_115502229909174876632,Madusika abesinghe,https://d1ol2dqh8qzr8y.cloudfront.net/profiles/default/lion.png,Chanaka,Lakmal,+94788779800,931770772V,HAMBANTHOTA,Beliatta,13463
hiruniumesha129@gmail.com,google_112141837786042576396,Hiruni Umesha,https://d1ol2dqh8qzr8y.cloudfront.net/profiles/default/panda.png,Tharushi,Nimasha,+94763079278,200378011982,GALLE,Ambalangoda,7844
upamalipalihakkara85@gmail.com,google_107441728637667288942,Upamali Palihakkara,https://d1ol2dqh8qzr8y.cloudfront.net/profiles/default/koala.png,Numaya,Wijesinghe,+94767103792,648311567v,KANDY,Katugastota,7011
imtiazmariam87@gmail.com,google_107374795839430185147,Mariam Imtiaz,https://d1ol2dqh8qzr8y.cloudfront.net/profiles/default/kitty.png,Mariam,Imtiaz,+94774332110,916922850v,COLOMBO,Kolonnawa,4713
None,facebook_25532903166310280,Sandaru Maharamba,https://d1ol2dqh8qzr8y.cloudfront.net/profiles/default/panda.png,Sandaru,Maharamba,+94713585692,199119401872,GAMPAHA,Ragama,4509
itsmedulmi@gmail.com,google_113315686931495164600,sashika dulmi,https://d1ol2dqh8qzr8y.cloudfront.net/profiles/default/owl.png,Sashika,Dulmi,+94743205052,199664202432,GALLE,Ambalangoda,3900
p.karunarathne126@gmail.com,google_106166404238680150813,Dammika Karunarathne,https://d1ol2dqh8qzr8y.cloudfront.net/profiles/default/panda.png,Dahara,Karunarathne,+94767103792,200658300103,KANDY,Katugastota,1957
sandarusas@gmail.com,google_114416088457555780481,Sandaru Maharamba,https://d1ol2dqh8qzr8y.cloudfront.net/profiles/default/cat.png,Sandaru,Maharamba,+94713585692,199119401872,GAMPAHA,Ragama,1914
None,facebook_1981583292567895,Bhagya Kumarasinghe,https://d1ol2dqh8qzr8y.cloudfront.net/profiles/default/dog.png,BHAGYA,KUMARASINGHE,+94760442603,200256901569,KANDY,Kandy,1817
None,facebook_783801634528605,Madumi Kokila,https://d1ol2dqh8qzr8y.cloudfront.net/profiles/default/bear.png,Madumi,Kokila,+94763450078,199984711233,GAMPAHA,Negombo,1797
dilshagunarathna2000@gmail.com,google_115752644258822084372,Dilsha Gunarathna,https://d1ol2dqh8qzr8y.cloudfront.net/profiles/default/kitty.png,DILSHA,GUNARATHNA,+94740451431,200053902190,RATNAPURA,Godakawela,1761
samarakoonnisansala@gmail.com,facebook_3659302420876184,Nisansala Samarakoon,https://d1ol2dqh8qzr8y.cloudfront.net/profiles/default/dog.png,Nisansala,Samarakoon,+94710610960,907661261v,KEGALLE,Rambukkana,1752
viduraaravinda0@gmail.com,facebook_4220565908186852,Vidura Aravinda,https://d1ol2dqh8qzr8y.cloudfront.net/profiles/default/chicken.png,Vidu,Aravinda,+94773940432,921862920V,PUTTALAM,Chilaw,1680
suhaibcader86@gmail.com,google_115142728764027806282,Suhaib Cader,https://d1ol2dqh8qzr8y.cloudfront.net/profiles/default/chicken.png,Suhaib,Cader,+94777535638,860922525v,COLOMBO,Kolonnawa,1541
pavanprasad09@gmail.com,d97a452c-30a1-70ba-8898-1a80bb8d8893,Pavan,https://d1ol2dqh8qzr8y.cloudfront.net/profiles/default/lion.png,Pavan,Nishshanka,+94776346771,199125304073,GAMPAHA,Nittambuwa,1254
lakshikafernando16@gmail.com,facebook_4211040359166772,Lakshi Fernando,https://d1ol2dqh8qzr8y.cloudfront.net/profiles/default/koala.png,Lakshi,Fernando,+94706008053,958331312V,COLOMBO,Maharagama,1142
sahaniabeysinghe16@gmail.com,google_110411391250486790559,sahani abeysinghe,https://d1ol2dqh8qzr8y.cloudfront.net/profiles/default/rabbit.png,Sahani,Abeysinghe,+94781571303,956341035v,COLOMBO,Maradana,923
uvindujayawardana02@gmail.com,099a65cc-b071-70ef-9ba5-afbd74b31f57,uvindu,https://d1ol2dqh8qzr8y.cloudfront.net/profiles/default/koala.png,Uvindu,Jayawardana,+94703255061,200017001660,GALLE,Galle,646
prasannath80@gmail.com,google_101912207778871025442,Sreetharan Prasannath,https://d1ol2dqh8qzr8y.cloudfront.net/profiles/default/dog.png,Sreetharan,Prasannath,+94774184426,800221897V,COLOMBO,Wellawatte,643
prabodhanipushpakumari@gmail.com,google_112890632001559463667,Prabodhani Pushpakumari,https://d1ol2dqh8qzr8y.cloudfront.net/profiles/default/bear.png,Prabodhani,Pushpakumari,+94723002865,200369411640,MONARAGALA,Wellawaya,603
dulajbalasuriya@gmail.com,e98ae5cc-c0c1-70a9-8a1f-ee7b8aee3fba,dulaj,https://d1ol2dqh8qzr8y.cloudfront.net/profiles/default/owl.png,Dulaj,Balasuriya,+94713032485,200006000070,BADULLA,Bandarawela,584
hasarangasamarakoon@gmail.com,google_104167056146355301754,Hasaranga Samarakoon,https://d1ol2dqh8qzr8y.cloudfront.net/profiles/default/rabbit.png,Hasaranga,Samarakoon,+94778929895,200207001914,GAMPAHA,Negombo,570
afrathnawaz26@gmail.com,190aa53c-80b1-70be-0f13-76a1ccb8a574,Afrath Nawaz,https://d1ol2dqh8qzr8y.cloudfront.net/profiles/default/kitty.png,Afrath,Nawas,+94771113515,199605701177,KEGALLE,Mawanella,550
nisharathisari18@gmail.com,google_106029354618365691814,Nishara Thisari,https://d1ol2dqh8qzr8y.cloudfront.net/profiles/default/rabbit.png,Nishara,Thisari,+94719195077,200167400484,KURUNAGALA,Hettipola,547
chathurwk@gmail.com,google_117225754840244506687,Chathurangi Karunarathne,https://d1ol2dqh8qzr8y.cloudfront.net/profiles/default/kitty.png,Chathurangi,Karunarathne,+94718856337,876671700v,COLOMBO,Homagama,501
mjg.withanage@gmail.com,google_114496261529655482659,Madusha Withanage,https://d1ol2dqh8qzr8y.cloudfront.net/profiles/default/koala.png,Madusha,Withanage,+94721595917,970492976V,MATARA,Deniyaya,481
shehanabeywikrama03@icloud.com,99da457c-d0c1-70f2-68dc-152503db6d2c,Shehan sulochana,https://d1ol2dqh8qzr8y.cloudfront.net/profiles/default/dog.png,Shehan,Abeywickrama,+94774060918,200706701072,BADULLA,Badulla,473
amilachathurangi@gmail.com,google_106369157395625677500,Amila Manamendra,https://d1ol2dqh8qzr8y.cloudfront.net/profiles/default/kitty.png,Amila,Chathurangi,+94779820843,876570394V,COLOMBO,Kolonnawa,461
chinthikarib@gmail.com,google_112056790896073773008,Chinthika RIB,https://d1ol2dqh8qzr8y.cloudfront.net/profiles/default/chicken.png,Chinthika,Kumari,+94773684503,848653160v,MATALE,Matale,439
dharshanlogan002@gmail.com,google_109261245368725391687,Dharshan Loganadhan,https://d1ol2dqh8qzr8y.cloudfront.net/profiles/default/chicken.png,Priyadharshan,Loganadhan,+94774647788,992020890V,COLOMBO,Wellawatte,415
ismathmnm508@gmail.com,598ac5cc-2041-705b-a1fd-013f24294217,ashfa,https://d1ol2dqh8qzr8y.cloudfront.net/profiles/default/panda.png,Ashfa,Ismath,+94767994868,200558003370,KALUTARA,Beruwela,401
chithraka.jaya@gmail.com,facebook_2791975707672171,Chithraka Jayasinghe,https://d1ol2dqh8qzr8y.cloudfront.net/profiles/default/lion.png,Chithraka,jayasinghe,+94712119040,973370758V,KANDY,Kandy,370
nizrafarvin123@gmail.com,google_109045439833265166812,Nizra farvin,https://d1ol2dqh8qzr8y.cloudfront.net/profiles/default/panda.png,Nizra,Farvin,+94758311905,988190497V,GAMPAHA,Gampaha,370
gehansankalpa@gmail.com,google_102900390329857704935,Gehan Sankalpa,https://d1ol2dqh8qzr8y.cloudfront.net/profiles/default/chicken.png,Gehan,Sankalpa,+94753400444,932441055V,COLOMBO,Kaduwela,361
dilshanpabasara040@gmail.com,google_110168971995745324735,Pabasara Dilshan,https://d1ol2dqh8qzr8y.cloudfront.net/profiles/default/dog.png,Pabasara,Dilshan,+94743507402,917374684v,KURUNAGALA,Kurunagala,359
kanchigunasekara89@gmail.com,google_110441936037752251729,Kanchana Gunasekara,https://d1ol2dqh8qzr8y.cloudfront.net/profiles/default/kitty.png,Kanchana,Gunasekara,+94776963924,895182150V,ANURADHAPURA,Anuradhapura,327
dharanyouga@gmail.com,google_109274367236112044839,Youga Dharan,https://d1ol2dqh8qzr8y.cloudfront.net/profiles/default/cat.png,Youga,Dharan,+94779186954,199615420758,NUWARAELIYA,Nuwara Eliya,312
sampathwidushan@gmail.com,google_114739833900501116387,Sampath Widushan,https://d1ol2dqh8qzr8y.cloudfront.net/profiles/default/rabbit.png,Sampath,Widushan,+94778582670,199425701127,GAMPAHA,Ja-Ela,304
ravindukalharapwc@gmail.com,google_102439771201355046748,Ravindu Kalhara,https://d1ol2dqh8qzr8y.cloudfront.net/profiles/default/koala.png,Ravindu,jayasinghe,+94760155381,200703803956,KALUTARA,Aluthgama,303
ecjana911@gmail.com,google_104410774073769802133,Jana EC,https://d1ol2dqh8qzr8y.cloudfront.net/profiles/default/dog.png,Imandi,Jayasinghe,+94766038401,200776604683,COLOMBO,Kottawa,300
nilakshikaushalya@gmail.com,google_110824530602980465225,Nilakshi Kaushalya,https://d1ol2dqh8qzr8y.cloudfront.net/profiles/default/kitty.png,Nilakshi,Samarakoon,+94772072575,857011481v,KURUNAGALA,Kuliyapitiya,300
naveen.dilshan1995@gmail.com,google_107373171087107501159,Naveen Dilshan,https://d1ol2dqh8qzr8y.cloudfront.net/profiles/default/bear.png,Naveen,Dilshan,+94771049219,952501798v,GAMPAHA,Negombo,298
vvrandula@gmail.com,google_109652236364869339700,Randula Wijayabandara,https://d1ol2dqh8qzr8y.cloudfront.net/profiles/default/lion.png,Randula,Wijayabandara,+94767073514,972043737V,KURUNAGALA,Alawwa,297
shiranmohamed04@gmail.com,google_109083764220007188680,Mohamed Shiran,https://d1ol2dqh8qzr8y.cloudfront.net/profiles/default/lion.png,Mohamed,Shiran,+94771225621,200727201638,BADULLA,Welimada,296
shiranvesly@gmail.com,google_108551080084644494217,Shiran Vesly,https://d1ol2dqh8qzr8y.cloudfront.net/profiles/default/bear.png,Shiran,Vesly,+94741501853,200318212635,RATNAPURA,Godakawela,295
oshan1993irosha@gmail.com,google_106619862267349451505,Oshan Irosha,https://d1ol2dqh8qzr8y.cloudfront.net/profiles/default/rabbit.png,Oshan,Irosha,+94712531318,930231584v,COLOMBO,Kolonnawa,294
zaimmalik123@gmail.com,google_117130363127713091832,ZAIM JM,https://d1ol2dqh8qzr8y.cloudfront.net/profiles/default/cat.png,Mohammed,Zaim,+94715308877,992300337v,COLOMBO,Wellawatte,292
sudarmasudarshani32@gmail.com,google_104971739138040651530,Sudarma Sudarshani,https://d1ol2dqh8qzr8y.cloudfront.net/profiles/default/koala.png,Nilantha,Ekanayaka,+94728323951,197631802304,KURUNAGALA,Nikawaratiya,292
prarthana.madushani12@gmail.com,google_107379500263949319287,prarthana madushani,https://d1ol2dqh8qzr8y.cloudfront.net/profiles/default/bear.png,Erik,Jayalath,+94779129634,945872829v,KALUTARA,Horana,289
shashika.prasad@gmail.com,d96a55bc-70d1-70c2-53ed-e33ad187ccae,shashika,https://d1ol2dqh8qzr8y.cloudfront.net/profiles/default/kitty.png,Shashika,Prasad Karannagoda,+94777367750,902050620V,COLOMBO,Bambalapitiya,287
chamila.darshana85@gmail.com,e93ac5bc-e001-70e7-4c04-ac90acea5d69,chamila,https://d1ol2dqh8qzr8y.cloudfront.net/profiles/default/bear.png,Chamila,Darshana,+94777646246,852441518V,COLOMBO,Nugegoda,283
sajinitrajanayake@gmail.com,e94a452c-70a1-7045-68fe-0dfd8ea76b1d,Sajini,https://d1ol2dqh8qzr8y.cloudfront.net/profiles/default/dog.png,Sajini,Rajanayake,+94706617161,976552091V,KANDY,Kandy,273
kolin721@gmail.com,google_111287446869181307952,Kolin Disanayaka,https://d1ol2dqh8qzr8y.cloudfront.net/profiles/default/koala.png,Kolin,Disanayaka,+94722767005,902031138v,GAMPAHA,Mirigama,272
djowner531531@gmail.com,google_109532090714578165965,DJ OWNER,https://d1ol2dqh8qzr8y.cloudfront.net/profiles/default/owl.png,Dj,Owner,+94785863268,776850055V,RATNAPURA,Eheliyagoda,267
amilachathurangi@yahoo.com,facebook_10239907159925331,Amila Chathurangi,https://d1ol2dqh8qzr8y.cloudfront.net/profiles/default/lion.png,Amila,Chathurangi,+94779820843,876570394V,COLOMBO,Kolonnawa,267
pirakashje@gmail.com,facebook_804527469111729,Pirakash Jê,https://d1ol2dqh8qzr8y.cloudfront.net/profiles/default/owl.png,Saseelan,Pirakash,+94755226648,200124800488,JAFFNA,Chunnagam,266
dileepadelwala@gmail.com,google_112332276676316699642,Dileepa Delwala,https://d1ol2dqh8qzr8y.cloudfront.net/profiles/default/owl.png,Dileepa,Delwala,+94715306123,831984520V,GAMPAHA,Kandana,266
lakshithat352@gmail.com,google_107201695205827906129,tharindu lakshitha,https://d1ol2dqh8qzr8y.cloudfront.net/profiles/default/owl.png,Tharindu,Senevirathna,+94777617091,972271675v,MATALE,Matale,262
vimeshsamarathunga@gmail.com,google_106030940133526933557,Vimesh Samarathunga,https://d1ol2dqh8qzr8y.cloudfront.net/profiles/default/kitty.png,Vimesh,Samarathunga,+94701515070,200503901375,RATNAPURA,Ratnapura,262
indikaruwankumarajayathilaka@gmail.com,facebook_122160631202605311,Ruwan Kumara,https://d1ol2dqh8qzr8y.cloudfront.net/profiles/default/bear.png,Indika,Jayathilaka,+94760526072,953372460v,MATALE,Matale,260
himayakulangana@gmail.com,89aa45dc-5091-706c-f281-7c5d81055267,himaya,https://d1ol2dqh8qzr8y.cloudfront.net/profiles/default/rabbit.png,Himaya,Kulangana,+94774959432,200568803997,COLOMBO,Nugegoda,257
tahanisooriyabandara1996@gmail.com,google_100311585041486258266,Tahani Sooriyabandara,https://d1ol2dqh8qzr8y.cloudfront.net/profiles/default/cat.png,Tahani,Sooriyabandara,+94775473489,965372768v,KANDY,Kandy,255
shikasandu@gmail.com,google_105557729304511318931,Sandu Shika,https://d1ol2dqh8qzr8y.cloudfront.net/profiles/default/lion.png,Sandushika,Silva,+94778083918,200372000900,GAMPAHA,Kandana,250
None,facebook_122140174598912904,Rashini Methmi,https://d1ol2dqh8qzr8y.cloudfront.net/profiles/default/owl.png,Rashini,Methmi,+94761245331,200356411325,BADULLA,Bandarawela,250
niwanthi2004@gmail.com,google_107711605691202526399,Niwanthi Jayathilake,https://d1ol2dqh8qzr8y.cloudfront.net/profiles/default/koala.png,A.M.Niwanthi,Jayathilake,+94769000397,200467601893,COLOMBO,Homagama,244
dilkinikeshila1997@gmail.com,facebook_2032228637553703,Dilki Nikeshila,https://d1ol2dqh8qzr8y.cloudfront.net/profiles/default/lion.png,Dilki,Nikeshila,+94776558568,977611342V,KURUNAGALA,Kurunagala,241
nimesh.martech@gmail.com,google_113792517314110662255,Nimesh Sahan,https://d1ol2dqh8qzr8y.cloudfront.net/profiles/default/kitty.png,Dinesh,Sulakshana,+94758079719,200132107612,GAMPAHA,Gampaha,236
chethiyasamaranayake123@gmail.com,google_107313066680375566347,Chethiya Samaranayake,https://d1ol2dqh8qzr8y.cloudfront.net/profiles/default/panda.png,Chethiya,Samaranayake,+94769818061,200727200976,KANDY,Katugastota,234
rr.edirisinghe@gmail.com,google_103324988262768343472,Rasika Edirisinghe,https://d1ol2dqh8qzr8y.cloudfront.net/profiles/default/cat.png,Rasika,Edirisinghe,+94772480394,197929500515,COLOMBO,Nugegoda,225
tlakshan10106@gmail.com,google_113292170428944623584,tharindu lakshan,https://d1ol2dqh8qzr8y.cloudfront.net/profiles/default/kitty.png,Dunuhinga Tharindu,Lakshan,+94760513559,972021288V,GAMPAHA,Negombo,223
cperera178@gmail.com,google_104066373546117553844,chathura perera,https://d1ol2dqh8qzr8y.cloudfront.net/profiles/default/lion.png,Chathura,Perera,+94771787078,200022102779,GAMPAHA,Negombo,223
methmikeshadi457@gmail.com,google_110401695642745949160,Methmi Keshadi,https://d1ol2dqh8qzr8y.cloudfront.net/profiles/default/rabbit.png,Methmi,Keshadi,+94704021025,200772702203,PUTTALAM,Puttalam,223
shanrayan335@gmail.com,59bad58c-e0a1-709e-458e-75d635401eb0,Shan,https://d1ol2dqh8qzr8y.cloudfront.net/profiles/default/kitty.png,fathima,Inshifa,+94703330553,977842662V,BADULLA,Bandarawela,223
None,facebook_1338711541122647,Iresha Madu,https://d1ol2dqh8qzr8y.cloudfront.net/profiles/default/dog.png,Iresha,Maduwanthi,+94719358841,947110918V,COLOMBO,Nugegoda,220
ravichandranshashikala@gmail.com,a95a454c-e0a1-70b7-585c-b9dc2514a6e8,shashi,https://d1ol2dqh8qzr8y.cloudfront.net/profiles/default/rabbit.png,Shashi,Ravi,+94769895953,200551904446,COLOMBO,Dematagoda,220
sharaf4shf@gmail.com,google_114386381266885498038,Mohamed Sharaf,https://d1ol2dqh8qzr8y.cloudfront.net/profiles/default/chicken.png,MHD,Sharaf,+94754197616,200134002634,AMPARA,Akkaraipattu,219
None,facebook_122267876450199822,Ashinsa Dineth,https://d1ol2dqh8qzr8y.cloudfront.net/profiles/default/owl.png,dineth,sanjan,+94716612254,200330212055,RATNAPURA,Ratnapura,211
None,facebook_1140995038178220,Gowsalya Sadananthan,https://d1ol2dqh8qzr8y.cloudfront.net/profiles/default/koala.png,Nadarajamoorthy,Balasupramaniyam,+94752156708,830364528V,COLOMBO,Bambalapitiya,210
mthevindusenith@gmail.com,google_107147895045497713953,Thevindu Senith,https://d1ol2dqh8qzr8y.cloudfront.net/profiles/default/chicken.png,Thevindu,Senith,+94768292885,200429004711,GAMPAHA,Minuwangoda,205
fathimarashidha32@gmail.com,google_115463962396557815431,Fathima Rashidha,https://d1ol2dqh8qzr8y.cloudfront.net/profiles/default/kitty.png,Rashidha,Nawas,+94775469384,200372113177,KANDY,Katugastota,205
ravinmanjitha@gmail.com,google_103409641368452305682,Ravin Manjitha,https://d1ol2dqh8qzr8y.cloudfront.net/profiles/default/kitty.png,Ravin,Diddeniya,+94770894867,199928404159,GAMPAHA,Delgoda,205
None,facebook_1338538677713586,Chandra Sandayani,https://d1ol2dqh8qzr8y.cloudfront.net/profiles/default/cat.png,Bonipas,Perera,+94776959411,986481486v,GAMPAHA,Ja-Ela,204
mohammedarham707@gmail.com,798a75fc-a0b1-70ad-9c59-b48fe56d79e5,arham,https://d1ol2dqh8qzr8y.cloudfront.net/profiles/default/panda.png,Mohammed,Arham,+94778282338,200415400473,COLOMBO,Mount Lavinia,202
supuntharaka2000000@gmail.com,google_112649985061992767695,Supun Tharaka,https://d1ol2dqh8qzr8y.cloudfront.net/profiles/default/panda.png,Supun,Tharaka,+94751189205,200524605384,HAMBANTHOTA,Beliatta,202
None,facebook_2395911087473487,Nuwani Srinani,https://d1ol2dqh8qzr8y.cloudfront.net/profiles/default/bear.png,Nuwani,Srinani,+94710160404,905221515v,COLOMBO,Homagama,202
None,facebook_1427444042309478,Tharangamali Darsani,https://d1ol2dqh8qzr8y.cloudfront.net/profiles/default/owl.png,Nadeesha,Wickramasingha,+94776677444,855170256v,KEGALLE,Kegalle,200
stephanie.ranasinghe5@gmail.com,c99a057c-d091-7026-bc3e-6527ae40ebca,stephanie,https://d1ol2dqh8qzr8y.cloudfront.net/profiles/default/cat.png,Stephanie,Ranasinghe,+94778916335,199577401460,COLOMBO,Piliyandala,200
chathuri.malalagama@ymail.com,59cad5ec-6001-70ad-d27d-f9dadcab159a,nirodha,https://d1ol2dqh8qzr8y.cloudfront.net/profiles/default/bear.png,Nirodha,Malalagama,+94776707048,199283002520,KURUNAGALA,Kurunagala,196
fathimamenal765@gmail.com,google_112985378868427425703,Fathima Menal,https://d1ol2dqh8qzr8y.cloudfront.net/profiles/default/lion.png,Fathima,Menal,+94759572283,200067003564,COLOMBO,Colombo West,195
vinushan81957@gmail.com,google_102772362781588133533,Vinushan Akil,https://d1ol2dqh8qzr8y.cloudfront.net/profiles/default/owl.png,Vinushan,Vinu,+94750220881,199921903085,GAMPAHA,Wattala,193
None,facebook_122140303130896553,Hites Abiman,https://d1ol2dqh8qzr8y.cloudfront.net/profiles/default/bear.png,Anada,nuwan,+94779331723,198733000140,POLONNARUWA,Hingurakgoda,188
dineshlak21@gmail.com,google_103527802715135736896,D L,https://d1ol2dqh8qzr8y.cloudfront.net/profiles/default/dog.png,Dinesh,Lakshan,+94720820141,873630671V,KURUNAGALA,Kuliyapitiya,182
amilaprasad@gmail.com,google_102556302242510303755,Amila Prasad Rajapakse,https://d1ol2dqh8qzr8y.cloudfront.net/profiles/default/chicken.png,Amila,Rajapakse,+94772930165,832272710V,GALLE,Galle,174
1munsif.king@gmail.com,google_102560274960916019782,Munsif,https://d1ol2dqh8qzr8y.cloudfront.net/profiles/default/cat.png,Mohamed,Munsif,+94751668757,200606900338,BATTICALOA,Valachchanai,173
pmruvishani@gmail.com,google_107515215229369238544,Madara Ruvishani,https://d1ol2dqh8qzr8y.cloudfront.net/profiles/default/chicken.png,Madara,Ponnamperuma,+94764501801,987022523V,KALUTARA,Kalutara,172
tehan4jayasingha@gmail.com,google_109321069867697916138,Tehan Jayasingha,https://d1ol2dqh8qzr8y.cloudfront.net/profiles/default/lion.png,Tehan,Jayasingha,+94758452505,923521607v,PUTTALAM,Wennappuwa,171
